overlay,addr,func,load,test,group,abilities
arm9,0x2008760,0x2008744,"ldr r0, [pc, #0x30]","tst r0, #1",player/batter,センス○
arm9,0x20098b0,0x2009890,"ldr r1, [sl, #0x14]","tst r1, #0x20",pitcher,四球
arm9,0x2009924,0x2009890,"ldr r1, [sl, #0x14]","tst r1, #0x40",pitcher,None
arm9,0x200992c,0x2009890,"ldr r1, [sl, #0x14]","tst r1, #8",pitcher,中継ぎエース
arm9,0x2009a0c,0x2009890,"ldr r0, [sl, #0x14]","tst r0, #0x40",pitcher,None
arm9,0x2009bc4,0x2009b38,"ldr r1, [r4, #0x14]","tst r1, #0x80",pitcher,None
arm9,0x2009c14,0x2009b38,"ldr r0, [r4, #0x14]","tst r0, #0x10",pitcher,投手威圧感
arm9,0x2009ca8,0x2009c78,"ldr r0, [r7, #0x14]","tst r0, #2",pitcher,完投タイプ
arm9,0x200a35c,0x200a344,"ldr r1, [r5, #0x14]","tst r1, #2",pitcher,完投タイプ
arm9,0x200a414,0x200a400,"ldr r1, [r6, #0x14]","tst r1, #8",pitcher,中継ぎエース
arm9,0x200a438,0x200a400,"ldr r0, [r6, #0x14]","tst r0, #0x10",pitcher,投手威圧感
arm9,0x200a45c,0x200a400,"ldr r1, [r6, #0x14]","tst r1, #0x40",pitcher,None
arm9,0x200a470,0x200a400,"ldr r0, [r6, #0x14]","tst r0, #0x40",pitcher,None
arm9,0x200a4a0,0x200a490,"ldr r1, [r5, #0x14]","tst r1, #8",pitcher,中継ぎエース
arm9,0x200c71c,0x200c70c,"ldr r0, [r7, #0x14]","tst r0, #2",pitcher,完投タイプ
arm9,0x200c7b0,0x200c70c,"ldr r0, [r0, #0x14]","tst r0, #4",pitcher,リリーフエース
arm9,0x200c8c0,0x200c898,"ldr r0, [r0, #0x14]","tst r0, #2",pitcher,完投タイプ
arm9,0x200cbe0,0x200cb1c,"ldr r0, [r0, #0x14]","tst r0, #2",pitcher,完投タイプ
arm9,0x2026100,0x20260c0,"ldr r0, [r4, #0x14]","tst r0, #2",pitcher,完投タイプ
arm9,0x205a6ec,0x205a6b4,"ldr r2, [r2, #0x2c]","tst r2, #0x400",player/batter,安定感
arm9,0x205dfa4,0x205df34,"ldr r0, [r2, #0x14]","tst r0, #0x10",pitcher,投手威圧感
arm9,0x205dfac,0x205df34,"ldr r0, [r2, #0x14]","tst r0, #0x100",pitcher,ピンチ○
arm9,0x20622bc,0x20621d4,"ldr r1, [r8, #0x14]","tst r1, #0x300",pitcher,ピンチ○ / ピンチ△
arm9,0x20623f8,0x20621d4,"ldr r1, [r8, #0x14]","tst r1, #0xf0",pitcher,投手威圧感 / 四球 / None / None
ov10,0x2155168,0x2154f70,"ldr r0, [r2, #0x18]","tst r0, #0x80",pitcher,速球中心
ov10,0x2155170,0x2154f70,"ldr r0, [r2, #0x18]","tst r0, #0x40",pitcher,低め○
ov10,0x21551a0,0x2154f70,"ldr r0, [r1, #0x18]","tst r0, #0x20",pitcher,闘志
ov10,0x21551a8,0x2154f70,"ldr r0, [r1, #0x18]","tst r0, #0x40",pitcher,低め○
ov10,0x21553dc,0x215523c,"ldr r0, [r2, #0x18]","tst r0, #0x80",pitcher,速球中心
ov10,0x21553e4,0x215523c,"ldr r0, [r2, #0x18]","tst r0, #0x40",pitcher,低め○
ov10,0x2155414,0x215523c,"ldr r0, [r1, #0x18]","tst r0, #0x20",pitcher,闘志
ov10,0x215541c,0x215523c,"ldr r0, [r1, #0x18]","tst r0, #0x40",pitcher,低め○
ov10,0x2164ac4,0x2164974,"ldr r0, [r0, #0x28]","tst r0, #1",player/batter,野手人気者
ov10,0x2164ae8,0x2164974,"ldr r0, [r0, #0x14]","tst r0, #1",pitcher,投手人気者
ov10,0x2164fb4,0x2164be0,"ldr r0, [r0, #0x28]","tst r0, #1",player/batter,野手人気者
ov10,0x2165284,0x2164be0,"ldr r2, [r1, #0x2c]","tst r2, #0x80000",player/batter,チャンスメーカー
ov10,0x21652a0,0x2164be0,"ldr r0, [r1, #0x28]","tst r0, #0x100",player/batter,チャンス○
ov10,0x2165320,0x2164be0,"ldr r0, [r0, #0x28]","tst r0, #0x4000",player/batter,サヨナラ男
ov10,0x2165a80,0x2165a6c,"ldr r0, [r0, #0x2c]","tst r0, #0x80000",player/batter,チャンスメーカー
ov10,0x2165ab8,0x2165a6c,"ldr r0, [r0, #0x2c]","tst r0, #0x800",player/batter,満塁男
ov10,0x2165b10,0x2165a6c,"ldr r0, [r0, #0x28]","tst r0, #0x4000",player/batter,サヨナラ男
ov10,0x2165b54,0x2165a6c,"ldr r0, [r1, #0x28]","tst r0, #0x100",player/batter,チャンス○
ov10,0x2165b60,0x2165a6c,"ldr r0, [r1, #0x2c]","tst r0, #0x10000",player/batter,チャンス◎
ov10,0x2165bb4,0x2165a6c,"ldr r0, [r0, #0x2c]","tst r0, #2",player/batter,粘り打ち
ov10,0x2165be4,0x2165a6c,"ldr r0, [r0, #0x28]","tst r0, #0x2000",player/batter,流し打ち
ov10,0x2165c14,0x2165a6c,"ldr r0, [r0, #0x28]","tst r0, #0x80",player/batter,広角打法
ov10,0x2165c44,0x2165a6c,"ldr r0, [r0, #0x28]","tst r0, #0x40000",player/batter,アベレージヒッター
ov10,0x2165ca4,0x2165a6c,"ldr r0, [r1, #0x28]","tst r0, #0x10",player/batter,強振多用
ov10,0x2165cb0,0x2165a6c,"ldr r0, [r1, #0x2c]","tst r0, #0x800000",player/batter,積極打法
ov10,0x2165ce0,0x2165a6c,"ldr r0, [r0, #0x2c]","tst r0, #0x100000",player/batter,ミート多用
ov10,0x2165ce8,0x2165a6c,"ldr r0, [r0, #0x2c]","tst r0, #0x200000",player/batter,慎重打法
ov10,0x2165d18,0x2165a6c,"ldr r0, [r0, #0x2c]","tst r0, #0x1000",player/batter,ムードメーカー
ov10,0x2165d54,0x2165a6c,"ldr r0, [r1, #0x28]","tst r0, #0x80000",player/batter,パワーヒッター
ov10,0x2165d60,0x2165a6c,"ldr r0, [r1, #0x30]","tst r0, #0x800000",player/batter,豪力
ov10,0x2165dc8,0x2165a6c,"ldr r0, [r2, #0x28]","tst r0, #0x21000000",player/batter,盗塁○ / 走塁○
ov10,0x2165dd4,0x2165a6c,"ldr r0, [r2, #0x30]","tst r0, #0x400000",player/batter,神速
ov10,0x2165dec,0x2165a6c,"ldr r4, [r2, #0x2c]","tst r4, #0x20000000",player/batter,ハイボールヒッター
ov10,0x2165e00,0x2165a6c,"ldr r4, [r2, #0x2c]","tst r4, #0x10000000",player/batter,ローボールヒッター
ov10,0x2165e4c,0x2165a6c,"ldr r0, [r2, #0x28]","tst r0, #0x10000000",player/batter,守備職人
ov10,0x21661ac,0x2165fdc,"ldr r0, [r0, #0x18]","tst r0, #0x10",pitcher,ポーカーフェイス
ov10,0x2166a94,0x21669b4,"ldr r1, [r1, #0x18]","tst r1, #0x10",pitcher,ポーカーフェイス
ov10,0x2166ac8,0x21669b4,"ldr r1, [r1, #0x18]","tst r1, #0x10",pitcher,ポーカーフェイス
ov10,0x2166b50,0x21669b4,"ldr r1, [r1, #0x18]","tst r1, #0x10",pitcher,ポーカーフェイス
ov10,0x21674d0,0x21673cc,"ldr r0, [r0, #0x14]","tst r0, #0x2000000",pitcher,キレ○
ov10,0x2167508,0x21673cc,"ldr r0, [r1, #0x18]","tst r0, #8",pitcher,重い球
ov10,0x216758c,0x21673cc,"ldr r0, [r1, #0x18]","tst r0, #0x20",pitcher,闘志
ov10,0x2167594,0x21673cc,"ldr r0, [r1, #0x18]","tst r0, #0x80000000",pitcher,気迫
ov10,0x21675ac,0x21673cc,"ldr r0, [r1, #0x14]","tst r0, #0x100",pitcher,ピンチ○
ov10,0x2167c1c,0x2167bb4,"ldr r0, [r0, #0x14]","tst r0, #4",pitcher,リリーフエース
ov10,0x2168e70,0x2168e2c,"ldr r0, [r0, #0x28]","tst r0, #0x20000",player/batter,キャッチャー◎
ov10,0x2168ea0,0x2168e2c,"ldr r0, [r0, #0x28]","tst r0, #0x20000",player/batter,キャッチャー◎
ov10,0x2168f18,0x2168eb8,"ldr r0, [r0, #0x18]","tst r0, #0x80000000",pitcher,気迫
ov10,0x2168fc4,0x2168eb8,"ldr r3, [r0, #0x14]","tst r3, #0x20000000",pitcher,打たれ強い
ov10,0x2168fd4,0x2168eb8,"ldr r3, [r0, #0x14]","tst r3, #0x40000000",pitcher,打たれ弱い
ov10,0x2169004,0x2168eb8,"ldr r2, [r3, #0x30]","tst r2, #0x100000",player/batter,闘気
ov10,0x216901c,0x2168eb8,"ldr r2, [r3, #0x28]","tst r2, #0x40",player/batter,野手威圧感
ov10,0x2169030,0x2168eb8,"ldr r0, [r0, #0x18]","tst r0, #0x20",pitcher,闘志
ov10,0x2169370,0x2169304,"ldr r2, [r0, #0x18]","tst r2, #0x40",pitcher,低め○
ov10,0x2169388,0x2169304,"ldr r2, [r0, #0x18]","tst r2, #0x2000",pitcher,対強打者○
ov10,0x216958c,0x2169430,"ldr r0, [r0, #0x18]","tst r0, #0x10000",pitcher,ジャイロボール
ov10,0x21695c0,0x2169430,"ldr r0, [r0, #0x18]","tst r0, #0x2000",pitcher,対強打者○
ov10,0x216961c,0x2169430,"ldr r0, [r0, #0x18]","tst r0, #0x8000000",pitcher,鉄腕
ov10,0x2169740,0x2169430,"ldr r1, [r1, #0x18]","tst r1, #0x8000",pitcher,ノビ◎
ov10,0x216977c,0x2169430,"ldr r1, [r1, #0x14]","tst r1, #0x8000000",pitcher,ノビ○
ov10,0x216989c,0x21697e0,"ldr r1, [r1, #0x18]","tst r1, #0x10000",pitcher,ジャイロボール
ov10,0x21699cc,0x21697e0,"ldr r0, [r0, #0x14]","tst r0, #0x400",pitcher,寸前△
ov10,0x21699f4,0x21697e0,"ldr r0, [r0, #0x14]","tst r0, #0x800",pitcher,ランナー△
ov10,0x2169a14,0x21697e0,"ldr r0, [r0, #0x28]","tst r0, #0x40",player/batter,野手威圧感
ov10,0x2169ed0,0x2169ec8,"ldr r0, [r0, #0x28]","tst r0, #0x80000000",player/batter,いぶし銀
ov10,0x216c370,0x216bed8,"ldrb r0, [r1, #0x28]","tst r0, #1",player/batter,野手人気者
ov10,0x216c394,0x216bed8,"ldrb r0, [r0, #0x28]","tst r0, #1",player/batter,野手人気者
ov10,0x216c3b8,0x216bed8,"ldrb r0, [r0, #0x28]","tst r0, #1",player/batter,野手人気者
ov10,0x216c4d0,0x216bed8,"ldrb r0, [r0, #0x28]","tst r0, #2",player/batter,代打要員
ov10,0x216c5c4,0x216bed8,"ldrb r0, [r0, #0x28]","tst r0, #2",player/batter,代打要員
ov10,0x216c7b0,0x216bed8,"ldrb r0, [r0, #0x28]","tst r0, #1",player/batter,野手人気者
ov10,0x216c7f0,0x216bed8,"ldrb r0, [r0, #0x28]","tst r0, #1",player/batter,野手人気者
ov10,0x216c808,0x216bed8,"ldrb r0, [r0, #0x28]","tst r0, #1",player/batter,野手人気者
ov10,0x216c848,0x216bed8,"ldrb r0, [r0, #0x28]","tst r0, #1",player/batter,野手人気者
ov10,0x216c928,0x216bed8,"ldrb r0, [r1, #0x28]","tst r0, #1",player/batter,野手人気者
ov10,0x216c940,0x216bed8,"ldrb r0, [r0, #0x28]","tst r0, #1",player/batter,野手人気者
ov10,0x216cab8,0x216bed8,"ldrb r0, [r1, #0x28]","tst r0, #1",player/batter,野手人気者
ov10,0x216cadc,0x216bed8,"ldrb r0, [r0, #0x28]","tst r0, #1",player/batter,野手人気者
ov10,0x216d578,0x216d494,"ldr r1, [r1, #0x2c]","tst r1, #0x100",player/batter,野手ムラッ気
ov10,0x216d5ac,0x216d494,"ldr r1, [r5, #0x14]","tst r1, #0x1000",pitcher,対左打者○
ov10,0x216d5bc,0x216d494,"ldr r1, [r5, #0x14]","tst r1, #0x2000",pitcher,対左打者△
ov10,0x216d5e0,0x216d494,"ldr r0, [r5, #0x14]","tst r0, #0x2000000",pitcher,キレ○
ov10,0x216d600,0x216d494,"ldr r0, [r5, #0x18]","tst r0, #0x800",pitcher,奪三振
ov10,0x216d650,0x216d494,"ldr r0, [r5, #0x14]","tst r0, #0x4000000",pitcher,キレ△
ov10,0x216d678,0x216d494,"ldr r0, [r0, #0x30]","tst r0, #0x1000000",player/batter,緊縛
ov10,0x216d720,0x216d6e8,"ldr r1, [r1, #0x2c]","tst r1, #0x100",player/batter,野手ムラッ気
ov10,0x216d764,0x216d6e8,"ldr r1, [r0, #0x14]","tst r1, #0x1000",pitcher,対左打者○
ov10,0x216d774,0x216d6e8,"ldr r1, [r0, #0x14]","tst r1, #0x2000",pitcher,対左打者△
ov10,0x216d7d8,0x216d6e8,"ldr r0, [r0, #0x14]","tst r0, #0x400",pitcher,寸前△
ov10,0x216d800,0x216d6e8,"ldr r0, [r0, #0x14]","tst r0, #0x800",pitcher,ランナー△
ov10,0x216d81c,0x216d6e8,"ldr r1, [r0, #0x14]","tst r1, #0x80000",pitcher,尻上がり
ov10,0x216d9d8,0x216d998,"ldr r3, [r0, #0x2c]","tst r3, #0x100",player/batter,野手ムラッ気
ov10,0x216da34,0x216d998,"ldr r3, [r1, #0x14]","tst r3, #0x100",pitcher,ピンチ○
ov10,0x216da44,0x216d998,"ldr r3, [r1, #0x14]","tst r3, #0x200",pitcher,ピンチ△
ov10,0x216da94,0x216d998,"ldr r0, [r1, #0x14]","tst r0, #0x800000",pitcher,短気
ov10,0x216dac8,0x216d998,"ldr r0, [r0, #0x14]","tst r0, #0x800",pitcher,ランナー△
ov10,0x216dae4,0x216d998,"ldr r0, [r0, #0x14]","tst r0, #0x20",pitcher,四球
ov10,0x216db54,0x216d998,"ldr r0, [r0, #0x14]","tst r0, #0x400",pitcher,寸前△
ov10,0x216db70,0x216d998,"ldr r2, [r0, #0x14]","tst r2, #0x80000",pitcher,尻上がり
ov10,0x216dbf0,0x216d998,"ldr r1, [r1, #0x28]","tst r1, #0x40",player/batter,野手威圧感
ov10,0x216dc98,0x216dc64,"ldr r0, [r5, #0x2c]","tst r0, #0x100",player/batter,野手ムラッ気
ov10,0x216dcf4,0x216dc64,"ldr r0, [r5, #0x28]","tst r0, #0x400",player/batter,対左投手○
ov10,0x216dd28,0x216dc64,"ldr r0, [r5, #0x30]","tst r0, #0x400",player/batter,対左投手×
ov10,0x216dd40,0x216dc64,"ldr r0, [r5, #0x28]","tst r0, #0x800",player/batter,対左投手△
ov10,0x216dd98,0x216dc64,"ldr r0, [r5, #0x28]","tst r0, #0x1000",player/batter,逆境○
ov10,0x216ddb4,0x216dc64,"ldr r0, [r0, #0x14]","tst r0, #0x10",pitcher,投手威圧感
ov10,0x216ddec,0x216dc64,"ldr r2, [r5, #0x2c]","tst r2, #0x20",player/batter,三振
ov10,0x216ddfc,0x216dc64,"ldr r2, [r5, #0x2c]","tst r2, #2",player/batter,粘り打ち
ov10,0x216de20,0x216dc64,"ldr r1, [r5, #0x2c]","tst r1, #1",player/batter,固め打ち
ov10,0x216de40,0x216dc64,"ldr r1, [r5, #0x2c]","tst r1, #4",player/batter,連打○
ov10,0x216de9c,0x216dc64,"ldr r0, [r5, #0x28]","tst r0, #0x4000",player/batter,サヨナラ男
ov10,0x216ded4,0x216dc64,"ldr r0, [r5, #0x30]","tst r0, #0x200",player/batter,チャンス×
ov10,0x216deec,0x216dc64,"ldr r1, [r5, #0x28]","tst r1, #0x200",player/batter,チャンス△
ov10,0x216df04,0x216dc64,"ldr r0, [r5, #0x2c]","tst r0, #0x10000",player/batter,チャンス◎
ov10,0x216df34,0x216dc64,"ldr r0, [r5, #0x2c]","tst r0, #0x80000",player/batter,チャンスメーカー
ov10,0x216df54,0x216dc64,"ldr r0, [r5, #0x2c]","tst r0, #0x800",player/batter,満塁男
ov10,0x216df94,0x216dc64,"ldr r0, [r0, #0x2c]","tst r0, #0x4000",player/batter,代打○
ov10,0x216e0b4,0x216e07c,"ldr r0, [r4, #0x2c]","tst r0, #0x100",player/batter,野手ムラッ気
ov10,0x216e118,0x216e07c,"ldr r0, [r4, #0x28]","tst r0, #0x400",player/batter,対左投手○
ov10,0x216e14c,0x216e07c,"ldr r0, [r4, #0x30]","tst r0, #0x400",player/batter,対左投手×
ov10,0x216e164,0x216e07c,"ldr r0, [r4, #0x28]","tst r0, #0x800",player/batter,対左投手△
ov10,0x216e198,0x216e07c,"ldr r0, [r4, #0x28]","tst r0, #0x1000",player/batter,逆境○
ov10,0x216e1bc,0x216e07c,"ldr r0, [r4, #0x2c]","tst r0, #1",player/batter,固め打ち
ov10,0x216e220,0x216e07c,"ldr r0, [r4, #0x28]","tst r0, #0x4000",player/batter,サヨナラ男
ov10,0x216e258,0x216e07c,"ldr r0, [r4, #0x30]","tst r0, #0x200",player/batter,チャンス×
ov10,0x216e270,0x216e07c,"ldr r1, [r4, #0x28]","tst r1, #0x200",player/batter,チャンス△
ov10,0x216e288,0x216e07c,"ldr r0, [r4, #0x2c]","tst r0, #0x10000",player/batter,チャンス◎
ov10,0x216e2bc,0x216e07c,"ldr r0, [r4, #0x2c]","tst r0, #0x800",player/batter,満塁男
ov10,0x216e398,0x216e378,"ldr r0, [r0, #0x14]","tst r0, #0x10",pitcher,投手威圧感
ov10,0x216e3ec,0x216e378,"ldr r0, [r0, #0x14]","tst r0, #0x8000",pitcher,勝ち運
ov10,0x216e41c,0x216e378,"ldr r0, [r0, #0x14]","tst r0, #0x1000000",pitcher,負け運
ov10,0x216e470,0x216e378,"ldr r2, [r2, #0x2c]","tst r2, #8",player/batter,ムード○
ov10,0x216e4b4,0x216e378,"ldr r2, [r2, #0x2c]","tst r2, #0x10",player/batter,ムード△
ov10,0x216e4f4,0x216e378,"ldr r3, [r3, #0x2c]","tst r3, #0x1000",player/batter,ムードメーカー
ov10,0x216e564,0x216e378,"ldr r0, [r0, #0x2c]","tst r0, #0x4000",player/batter,代打○
ov10,0x216ec78,0x216ec28,"ldr r1, [r0, #0x2c]","tst r1, #0x80",player/batter,ケガ△
ov10,0x216eca8,0x216ec28,"ldr r0, [r0, #0x30]","tst r0, #4",player/batter,ケガ◎
ov10,0x21703fc,0x21703d8,"ldr r0, [r0, #0x28]","tst r0, #0xc0000",player/batter,アベレージヒッター / パワーヒッター
ov10,0x2170424,0x21703d8,"ldr r0, [r0, #0x28]","tst r0, #0xc0000",player/batter,アベレージヒッター / パワーヒッター
ov10,0x21705ec,0x2170590,"ldr r2, [r3, #0x18]","tst r2, #0x8000000",pitcher,鉄腕
ov10,0x2170604,0x2170590,"ldr r1, [r3, #0x14]","tst r1, #0x8000000",pitcher,ノビ○
ov10,0x217085c,0x21707e0,"ldr r0, [r0, #0x18]","tst r0, #0x100",pitcher,変化球中心
ov10,0x2170874,0x21707e0,"ldr r0, [r0, #0x18]","tst r0, #0x80",pitcher,速球中心
ov10,0x2170958,0x21708f0,"ldr r0, [r0, #0x18]","tst r0, #0x80",pitcher,速球中心
ov10,0x2170b20,0x2170b08,"ldr r0, [pc, #0x30]","tst r0, #3",player/batter,センス○ / センス△
ov10,0x2170bcc,0x2170b5c,"ldr r1, [r2, #0x18]","tst r1, #0x8000",pitcher,ノビ◎
ov10,0x2170bdc,0x2170b5c,"ldr r0, [r2, #0x14]","tst r0, #0xa000000",pitcher,キレ○ / ノビ○
ov10,0x2170cfc,0x2170cc0,"ldr r0, [r1, #0x18]","tst r0, #0x8000",pitcher,ノビ◎
ov10,0x2170d10,0x2170cc0,"ldr r0, [r1, #0x14]","tst r0, #0xa000000",pitcher,キレ○ / ノビ○
ov10,0x2171a3c,0x21719f0,"ldr r0, [r1, #0x30]","tst r0, #0x400000",player/batter,神速
ov10,0x2171a48,0x21719f0,"ldr r0, [r1, #0x28]","tst r0, #0x1000000",player/batter,盗塁○
ov10,0x2171cc4,0x2171c18,"ldr r1, [r1, #0x28]","tst r1, #0x100000",player/batter,バント○
ov10,0x2171df0,0x2171d44,"ldr r1, [r1, #0x28]","tst r1, #0x100000",player/batter,バント○
ov10,0x2171f0c,0x2171e60,"ldr r1, [r1, #0x28]","tst r1, #0x100000",player/batter,バント○
ov10,0x2172574,0x2172438,"ldr r0, [r0, #0x28]","tst r0, #0x100000",player/batter,バント○
ov10,0x2172b34,0x2172910,"ldr r0, [r0, #0x18]","tst r0, #0x200",pitcher,テンポ○
ov10,0x217347c,0x21733f8,"ldr r0, [r1, #0x28]","tst r0, #0x8000",player/batter,内野安打○
ov10,0x217359c,0x217352c,"ldr r2, [r1, #0x28]","tst r2, #0x200000",player/batter,バント◎
ov10,0x21735c4,0x217352c,"ldr r2, [r1, #0x2c]","tst r2, #0x2000000",player/batter,チームプレイ○
ov10,0x21735d4,0x217352c,"ldr r2, [r1, #0x2c]","tst r2, #0x4000000",player/batter,チームプレイ△
ov10,0x2173668,0x217352c,"ldr r0, [r2, #0x2c]","tst r0, #0x2000000",player/batter,チームプレイ○
ov10,0x2173e28,0x2173db8,"ldr r1, [r1, #0x2c]","tst r1, #0x100000",player/batter,ミート多用
ov10,0x2173e68,0x2173db8,"ldr r0, [r0, #0x28]","tst r0, #0x10",player/batter,強振多用
ov10,0x2173ed8,0x2173db8,"ldr r0, [r0, #0x28]","tst r0, #0x40000",player/batter,アベレージヒッター
ov10,0x21742ec,0x217423c,"ldr r0, [r0, #0x2c]","tst r0, #0x800000",player/batter,積極打法
ov10,0x2174310,0x217423c,"ldr r0, [r0, #0x2c]","tst r0, #0x200000",player/batter,慎重打法
ov10,0x2174d0c,0x2174c00,"ldr r0, [r0, #0x18]","tst r0, #1",pitcher,リリース○
ov10,0x21759dc,0x21757fc,"ldr r2, [r1, #0x2c]","tst r2, #0x1000000",player/batter,積極盗塁
ov10,0x21759e8,0x21757fc,"ldr r2, [r1, #0x2c]","tst r2, #0x400000",player/batter,慎重盗塁
ov10,0x2175a14,0x21757fc,"ldr r2, [r1, #0x28]","tst r2, #0x1000000",player/batter,盗塁○
ov10,0x2175a24,0x21757fc,"ldr r2, [r1, #0x28]","tst r2, #0x2000000",player/batter,盗塁△
ov10,0x217a9d8,0x217a85c,"ldr r4, [r2, #0x14]","tst r4, #0x10000",pitcher,回復○
ov10,0x217aaa8,0x217aa98,"ldr r1, [r5, #0x14]","tst r1, #0x10000",pitcher,回復○
ov10,0x217abd4,0x217abac,"ldr ip, [r2, #0x14]","tst ip, #0x10000",pitcher,回復○
ov10,0x217b00c,0x217af08,"ldrb r0, [r0, #0x29]","tst r0, #2",player/batter,チャンス△
ov10,0x217c868,0x217c748,"ldr r1, [r5, #0x28]","tst r1, #0x20000",player/batter,キャッチャー◎
ov10,0x217c87c,0x217c748,"ldr r1, [r5, #0x28]","tst r1, #0x10000",player/batter,キャッチャー○
ov10,0x217c928,0x217c8b4,"ldr r1, [r0, #0x28]","tst r1, #0x80000",player/batter,パワーヒッター
ov10,0x217c930,0x217c8b4,"ldr r1, [r0, #0x28]","tst r1, #0x40000",player/batter,アベレージヒッター
ov10,0x217c948,0x217c8b4,"ldr r2, [r0, #0x2c]","tst r2, #0x10000",player/batter,チャンス◎
ov10,0x217ca00,0x217c8b4,"ldr r0, [r0, #0x30]","tst r0, #0x1f00000",player/batter,闘気 / 奪力 / 神速 / 豪力 / 緊縛
ov10,0x217ca78,0x217ca30,"ldr r2, [r0, #0x28]","tst r2, #0x20000",player/batter,キャッチャー◎
ov10,0x217ca8c,0x217ca30,"ldr r2, [r0, #0x28]","tst r2, #0x10000",player/batter,キャッチャー○
ov10,0x217cae0,0x217ca30,"ldr r3, [r0, #0x28]","tst r3, #0x4000000",player/batter,送球○
ov10,0x217caf0,0x217ca30,"ldr r3, [r0, #0x28]","tst r3, #0x10000000",player/batter,守備職人
ov10,0x217cb64,0x217ca30,"ldr r3, [r0, #0x28]","tst r3, #0x10000000",player/batter,守備職人
ov10,0x217cf34,0x217ce1c,"ldr ip, [ip, #0x14]","tst ip, #0xc",pitcher,リリーフエース / 中継ぎエース
ov10,0x217d27c,0x217d0e8,"ldr r0, [sb, #0x14]","tst r0, #2",pitcher,完投タイプ
ov10,0x217d590,0x217d3a0,"ldr r0, [r0, #0x14]","tst r0, #2",pitcher,完投タイプ
ov10,0x217d9f8,0x217d9d4,"ldrb r0, [r0, #0x2e]","tst r0, #1",player/batter,チャンス◎
ov10,0x217da4c,0x217d9d4,"ldr r0, [r0, #0x14]","tst r0, #4",pitcher,リリーフエース
ov10,0x217db14,0x217d9d4,"ldr r0, [r0, #0x14]","tst r0, #0xc",pitcher,リリーフエース / 中継ぎエース
ov10,0x217dd30,0x217dca0,"ldr r0, [r0, #0x14]","tst r0, #1",pitcher,投手人気者
ov10,0x217de0c,0x217dca0,"ldr r0, [r0, #0x14]","tst r0, #4",pitcher,リリーフエース
ov10,0x217de54,0x217dca0,"ldr r0, [r0, #0x14]","tst r0, #0xc",pitcher,リリーフエース / 中継ぎエース
ov10,0x217df28,0x217dca0,"ldr r0, [r0, #0x14]","tst r0, #1",pitcher,投手人気者
ov10,0x217e2a4,0x217e21c,"ldrb r0, [r0, #0x2e]","tst r0, #2",player/batter,対左投手◎
ov10,0x217e364,0x217e21c,"ldr r0, [r0, #0x14]","tst r0, #4",pitcher,リリーフエース
ov10,0x217e588,0x217e21c,"ldr r0, [r0, #0x14]","tst r0, #2",pitcher,完投タイプ
ov10,0x217e984,0x217e874,"ldr r1, [r0, #0x28]","tst r1, #2",player/batter,代打要員
ov10,0x217e994,0x217e874,"ldr r1, [r0, #0x28]","tst r1, #1",player/batter,野手人気者
ov10,0x217ebe4,0x217eb6c,"ldr r0, [r4, #0x28]","tst r0, #0x30000",player/batter,キャッチャー○ / キャッチャー◎
ov10,0x217ef70,0x217ef1c,"ldrb r0, [r0, #0x2e]","tst r0, #4",player/batter,持続
ov10,0x217f158,0x217f144,"ldr r2, [r0, #0x28]","tst r2, #8",player/batter,代走要員
ov10,0x217f170,0x217f144,"ldr r2, [r0, #0x28]","tst r2, #1",player/batter,野手人気者
ov10,0x217f2ac,0x217f248,"ldr r5, [r6, #0x28]","tst r5, #8",player/batter,代走要員
ov10,0x217fae4,0x217f9f0,"ldr r0, [sb, #0x28]","tst r0, #4",player/batter,守備要員
ov10,0x217fca0,0x217fc24,"ldr r0, [r0, #0x28]","tst r0, #0x20",player/batter,途中交代
ov10,0x217fdb4,0x217fd20,"ldr r1, [sl, #0x28]","tst r1, #4",player/batter,守備要員
ov10,0x217fdc4,0x217fd20,"ldr r1, [sl, #0x28]","tst r1, #0x20",player/batter,途中交代
ov10,0x2180160,0x21800f4,"ldr r0, [r1, #0x28]","tst r0, #1",player/batter,野手人気者
ov10,0x2180258,0x21800f4,"ldr r0, [sl, #0x28]","tst r0, #1",player/batter,野手人気者
ov10,0x2180294,0x21800f4,"ldr r0, [sl, #0x28]","tst r0, #0x20",player/batter,途中交代
ov10,0x218029c,0x21800f4,"ldr r0, [sl, #0x28]","tst r0, #4",player/batter,守備要員
ov10,0x21804b8,0x2180308,"ldr r2, [r2, #0x28]","tst r2, #1",player/batter,野手人気者
ov10,0x2180ebc,0x2180e70,"ldr r2, [r4, #0x28]","tst r2, #0x1000000",player/batter,盗塁○
ov10,0x2180f04,0x2180e70,"ldr r1, [r4, #0x28]","tst r1, #0x40000",player/batter,アベレージヒッター
ov10,0x2180f14,0x2180e70,"ldr r1, [r4, #0x28]","tst r1, #0x400",player/batter,対左投手○
ov10,0x2180f80,0x2180f54,"ldr r1, [r0, #0x28]","tst r1, #0xc0000",player/batter,アベレージヒッター / パワーヒッター
ov10,0x218101c,0x2180ff0,"ldr r1, [r0, #0x28]","tst r1, #0x40000",player/batter,アベレージヒッター
ov10,0x2181040,0x2180ff0,"ldr r0, [r0, #0x2c]","tst r0, #0x10000",player/batter,チャンス◎
ov10,0x21810dc,0x21810b4,"ldr r3, [r0, #0x28]","tst r3, #0x80000",player/batter,パワーヒッター
ov10,0x2181154,0x2181128,"ldr r1, [r0, #0x28]","tst r1, #0x40000",player/batter,アベレージヒッター
ov15,0x2196778,0x2196650,"ldrb r0, [r0, #0x29]","tst r0, #1",player/batter,チャンス○
ov15,0x21a45dc,0x21a4530,"ldr r0, [r0, #0x18]","tst r0, #1",pitcher,リリース○
ov15,0x21a6968,0x21a68d4,"ldrb r0, [r0, #0x2e]","tst r0, #2",player/batter,対左投手◎
ov15,0x21a69a0,0x21a68d4,"ldrb r0, [r0, #0x2e]","tst r0, #4",player/batter,持続
ov15,0x21a6fd0,0x21a6fb0,"ldr r0, [r0, #0x30]","tst r0, #0x100000",player/batter,闘気
ov15,0x21a6fe8,0x21a6fb0,"ldr r0, [r0, #0x18]","tst r0, #0x80000000",pitcher,気迫
ov15,0x21a72c0,0x21a7278,"ldr r0, [r0, #0x28]","tst r0, #0x200000",player/batter,バント◎
ov15,0x21a743c,0x21a73c4,"ldr r2, [r0, #0x28]","tst r2, #0x1000000",player/batter,盗塁○
ov15,0x21a744c,0x21a73c4,"ldr r2, [r0, #0x28]","tst r2, #0x2000000",player/batter,盗塁△
ov15,0x21a7464,0x21a73c4,"ldr r0, [r0, #0x30]","tst r0, #0x400000",player/batter,神速
ov15,0x21a74e0,0x21a73c4,"ldr r0, [r0, #0x18]","tst r0, #0x40000000",pitcher,呪縛
ov15,0x21a76dc,0x21a75d4,"ldr r1, [r1, #0x14]","tst r1, #0x4000",pitcher,一発
ov15,0x21a76e4,0x21a75d4,"ldr r1, [r1, #0x14]","tst r1, #0x80000000",pitcher,逃げ球
ov15,0x21a7d1c,0x21a7cfc,"ldr r0, [r0, #0x28]","tst r0, #0x80",player/batter,広角打法
ov15,0x21a7d9c,0x21a7d7c,"ldr r0, [r0, #0x28]","tst r0, #0x80",player/batter,広角打法
ov15,0x21a7e1c,0x21a7dfc,"ldr r0, [r0, #0x28]","tst r0, #0x80",player/batter,広角打法
ov15,0x21a868c,0x21a8644,"ldr r0, [r0, #0x30]","tst r0, #0x800000",player/batter,豪力
ov15,0x21a86dc,0x21a8644,"ldr r1, [r0, #0x18]","tst r1, #0x10000000",pitcher,剛球
ov15,0x21a86ec,0x21a8644,"ldr r1, [r0, #0x18]","tst r1, #8",pitcher,重い球
ov15,0x21a890c,0x21a8894,"ldr r1, [r2, #0x28]","tst r1, #0x10000000",player/batter,守備職人
ov15,0x21a8c18,0x21a8a90,"ldr r0, [r4, #0x2c]","tst r0, #0x2000",player/batter,エラー
ov15,0x21a8c88,0x21a8c70,"ldr r0, [r0, #0x28]","tst r0, #0x40000",player/batter,アベレージヒッター
ov15,0x21a8c90,0x21a8c70,"ldr r0, [r0, #0x28]","tst r0, #0x80000",player/batter,パワーヒッター
ov15,0x21a8e48,0x21a8e30,"ldr r0, [r0, #0x28]","tst r0, #0x40000",player/batter,アベレージヒッター
ov15,0x21a8e50,0x21a8e30,"ldr r0, [r0, #0x28]","tst r0, #0x80000",player/batter,パワーヒッター
ov15,0x21a8fcc,0x21a8fb8,"ldr r0, [r0, #0x28]","tst r0, #0x40000",player/batter,アベレージヒッター
ov15,0x21a8fd4,0x21a8fb8,"ldr r0, [r0, #0x28]","tst r0, #0x80000",player/batter,パワーヒッター
ov15,0x21a9228,0x21a9214,"ldr r0, [r0, #0x28]","tst r0, #0x40000",player/batter,アベレージヒッター
ov15,0x21a9230,0x21a9214,"ldr r0, [r0, #0x28]","tst r0, #0x80000",player/batter,パワーヒッター
ov15,0x21a9398,0x21a9384,"ldr r0, [r0, #0x28]","tst r0, #0x40000",player/batter,アベレージヒッター
ov15,0x21a93a0,0x21a9384,"ldr r0, [r0, #0x28]","tst r0, #0x80000",player/batter,パワーヒッター
ov15,0x21a94c0,0x21a94ac,"ldr r0, [r0, #0x28]","tst r0, #0x40000",player/batter,アベレージヒッター
ov15,0x21a94c8,0x21a94ac,"ldr r0, [r0, #0x28]","tst r0, #0x80000",player/batter,パワーヒッター
ov15,0x21addac,0x21adc50,"ldr r0, [r1, #0x14]","tst r0, #0x200",pitcher,ピンチ△
ov15,0x21addb4,0x21adc50,"ldr r0, [r1, #0x14]","tst r0, #0x100",pitcher,ピンチ○
ov15,0x21addbc,0x21adc50,"ldr r0, [r1, #0x14]","tst r0, #1",pitcher,投手人気者
ov15,0x21addc4,0x21adc50,"ldr r0, [r1, #0x14]","tst r0, #2",pitcher,完投タイプ
ov3,0x20da11c,0x20da094,"ldr r0, [r0, #0x14]","tst r0, #0x800000",pitcher,短気
ov3,0x20da178,0x20da094,"ldr r0, [r0, #0x18]","tst r0, #0x10",pitcher,ポーカーフェイス
ov3,0x20da1cc,0x20da094,"ldr r0, [r0, #0x14]","tst r0, #0x800000",pitcher,短気
ov3,0x20da25c,0x20da094,"ldr r0, [r0, #0x14]","tst r0, #0x800000",pitcher,短気
ov3,0x20da29c,0x20da094,"ldr r0, [r0, #0x18]","tst r0, #0x10",pitcher,ポーカーフェイス
ov3,0x20da4c4,0x20da490,"ldr r0, [r1, #0x18]","tst r0, #0x10",pitcher,ポーカーフェイス
ov3,0x20da4e8,0x20da490,"ldr r0, [r1, #0x14]","tst r0, #0x800000",pitcher,短気
ov3,0x20e4630,0x20e4580,"ldrb r0, [r1, #0x2e]","tst r0, #2",player/batter,対左投手◎
ov3,0x20e4644,0x20e4580,"ldrb r0, [r0, #0x2e]","tst r0, #6",player/batter,対左投手◎ / 持続
ov3,0x20e4b2c,0x20e4a14,"ldr r0, [r0, #0x14]","tst r0, #0x200000",pitcher,けん制○
ov3,0x20e4cec,0x20e4c00,"ldr r0, [r0, #0x18]","tst r0, #1",pitcher,リリース○
ov3,0x20e4e3c,0x20e4d40,"ldr r0, [r0, #0x18]","tst r0, #0x4000",pitcher,球持ち○
ov3,0x20e5c7c,0x20e5c08,"ldr r1, [r1, #0x14]","tst r1, #0x200000",pitcher,けん制○
ov3,0x20e8210,0x20e7e40,"ldr r0, [r0, #0x28]","tst r0, #0x40",player/batter,野手威圧感
ov3,0x20e8250,0x20e7e40,"ldr r1, [r1, #0x2c]","tst r1, #8",player/batter,ムード○
ov3,0x20e82b4,0x20e7e40,"ldr r1, [r2, #0x2c]","tst r1, #0x10",player/batter,ムード△
ov3,0x20e8318,0x20e7e40,"ldr r1, [r1, #0x2c]","tst r1, #0x1000",player/batter,ムードメーカー
ov3,0x20e83a8,0x20e7e40,"ldr r0, [r0, #0x14]","tst r0, #0x8000",pitcher,勝ち運
ov3,0x20e83dc,0x20e7e40,"ldr r0, [r0, #0x14]","tst r0, #0x1000000",pitcher,負け運
ov3,0x20e8804,0x20e7e40,"ldr r0, [r0, #0x18]","tst r0, #0x20",pitcher,闘志
ov3,0x20e8850,0x20e7e40,"ldr r0, [r0, #0x18]","tst r0, #0x1000",pitcher,フルカウント○
ov3,0x20e8884,0x20e7e40,"ldr r0, [r0, #0x18]","tst r0, #0x2000",pitcher,対強打者○
ov3,0x20e88c0,0x20e7e40,"ldr r0, [r0, #0x18]","tst r0, #0x4000",pitcher,球持ち○
ov3,0x20e88dc,0x20e7e40,"ldr r0, [r0, #0x18]","tst r0, #0x10000",pitcher,ジャイロボール
ov3,0x20e9b64,0x20e99bc,"ldr r1, [r0, #0x28]","tst r1, #0x40000",player/batter,アベレージヒッター
ov3,0x20e9c0c,0x20e99bc,"ldr r0, [r6, #0x28]","tst r0, #0x80000",player/batter,パワーヒッター
ov3,0x20ea640,0x20ea458,"ldr r1, [r1, #0x30]","tst r1, #0x800000",player/batter,豪力
ov3,0x20ea658,0x20ea458,"ldr r1, [r1, #0x18]","tst r1, #0x10000000",pitcher,剛球
ov3,0x20ea660,0x20ea458,"ldr r1, [r1, #0x18]","tst r1, #0x400",pitcher,軽い球
ov3,0x20ea66c,0x20ea458,"ldr r1, [r1, #0x18]","tst r1, #8",pitcher,重い球
ov3,0x20ea6b8,0x20ea458,"ldr r0, [r0, #0x18]","tst r0, #0x20",pitcher,闘志
ov3,0x20ea6fc,0x20ea458,"ldr r1, [r0, #0x2c]","tst r1, #0x10000000",player/batter,ローボールヒッター
ov3,0x20ea714,0x20ea458,"ldr r1, [r0, #0x2c]","tst r1, #0x20000000",player/batter,ハイボールヒッター
ov3,0x20ea8a8,0x20ea458,"ldr r2, [r2, #0x28]","tst r2, #0x80",player/batter,広角打法
ov3,0x20ea8c8,0x20ea458,"ldr r2, [r2, #0x30]","tst r2, #0x80",player/batter,プルヒッター
ov3,0x20ea914,0x20ea458,"ldr r1, [r0, #0x28]","tst r1, #0x2000",player/batter,流し打ち
ov3,0x20ea98c,0x20ea458,"ldr r0, [r0, #0x30]","tst r0, #0x80",player/batter,プルヒッター
ov3,0x20eacb8,0x20ea458,"ldr r1, [r1, #0x28]","tst r1, #0x2000",player/batter,流し打ち
ov3,0x20eb04c,0x20eafc4,"ldr r0, [r0, #0x28]","tst r0, #0x200000",player/batter,バント◎
ov3,0x20ec374,0x20ec254,"ldr r0, [r0, #0x14]","tst r0, #0x200000",pitcher,けん制○
ov3,0x20ec73c,0x20ec640,"ldr r0, [r0, #0x30]","tst r0, #0x100000",player/batter,闘気
ov3,0x20ec754,0x20ec640,"ldr r0, [r0, #0x18]","tst r0, #0x80000000",pitcher,気迫
ov3,0x20ec818,0x20ec7d0,"ldr r0, [r0, #0x14]","tst r0, #0x4000",pitcher,一発
ov5,0x2103fc8,0x2103f64,"ldr r0, [r1, #0x2c]","tst r0, #2",player/batter,粘り打ち
ov0,0x20d1294,0x20d1128,"ldr r0, [r5, #0x28]","tst r0, #0xf",player/batter,野手人気者 / 代打要員 / 守備要員 / 代走要員
ov7,0x20e07b8,0x20e06b4,"ldr r0, [r0, #0x14]","tst r0, #0x10",pitcher,投手威圧感
ov7,0x20e0954,0x20e0848,"ldr r0, [r0, #0x14]","tst r0, #0x10",pitcher,投手威圧感
ov7,0x20e1d94,0x20e1c90,"ldr r0, [r0, #0x14]","tst r0, #0x10",pitcher,投手威圧感
ov7,0x20e1f3c,0x20e1e24,"ldr r0, [r0, #0x14]","tst r0, #0x10",pitcher,投手威圧感
ov7,0x20e5fb4,0x20e5dd0,"ldr r0, [r0, #0x18]","tst r0, #0x20",pitcher,闘志
